_id,name,asset_type,tags,location_id,street_address,unit,unit_type,municipality,city,state,zip_code,latitude,longitude,parcel_id,residence,iffy_geocoding,available_transportation,parent_location_id,parent_location,url,email,phone,hours_of_operation,holiday_hours_of_operation,periodicity,capacity,wifi_network,internet_access,computers_available,accessibility,open_to_public,child_friendly,sensitive,do_not_display,localizability,services,hard_to_count_population,data_source_names,data_source_urls,organization_name,organization_phone,organization_email,etl_notes,geocoding_properties
35612927,Giant Eagle #47 / Market District Robinson ,supermarkets,,84595,100 Settlers Ridge Center Drive,,,,Pittsburgh,PA,15205,40.441637634695,-80.1513485570352,,,,,,,,,,,,,,,,,,,,,,FIX,,,WPRDC Dataset: Allegheny County Restaurant/Food Facility Inspections and Locations: Geocoded Food Facilities,https://data.wprdc.org/dataset/allegheny-county-restaurant-food-facility-inspection-violations/resource/112a3821-334d-4f3f-ab40-4de1220b1a0a,,,,,
35629959,Dollar Tree #5553,supermarkets,,84618,1630 Arlington Avenue,,,,Pittsburgh,PA,15210,40.4173609186483,-79.9874162395652,,,,,,,,,,,,,,,,,,,,,,FIX,,,WPRDC Dataset: Allegheny County Restaurant/Food Facility Inspections and Locations: Geocoded Food Facilities,https://data.wprdc.org/dataset/allegheny-county-restaurant-food-facility-inspection-violations/resource/112a3821-334d-4f3f-ab40-4de1220b1a0a,,,,,
35629982,Costco #649,supermarkets,,84578,501 W Waterfront Dr,,,,Homestead,PA,15120,40.4029700093699,-79.9214116735045,,,,,,,,,,,,,,,,,,,,,,FIX,,,WPRDC Dataset: Allegheny County Restaurant/Food Facility Inspections and Locations: Geocoded Food Facilities,https://data.wprdc.org/dataset/allegheny-county-restaurant-food-facility-inspection-violations/resource/112a3821-334d-4f3f-ab40-4de1220b1a0a,,,,,
35630120,Donatelli's Italian Food Center,supermarkets,,84524,4711 Liberty Avenue,,,,Pittsburgh,PA,15224,40.4621478401123,-79.9493419627557,,,,,,,,,,,,,,,,,,,,,,FIX,,,WPRDC Dataset: Allegheny County Restaurant/Food Facility Inspections and Locations: Geocoded Food Facilities,https://data.wprdc.org/dataset/allegheny-county-restaurant-food-facility-inspection-violations/resource/112a3821-334d-4f3f-ab40-4de1220b1a0a,,,,,
35630149,East End Food Co-Op,supermarkets,,84544,7516 Meade Street,,,,Pittsburgh,PA,15208,40.448304325157,-79.8957012276635,,,,,,,,,,,,,,,,,,,,,,FIX,,,WPRDC Dataset: Allegheny County Restaurant/Food Facility Inspections and Locations: Geocoded Food Facilities,https://data.wprdc.org/dataset/allegheny-county-restaurant-food-facility-inspection-violations/resource/112a3821-334d-4f3f-ab40-4de1220b1a0a,,,,,
35630175,Food Shoppe,supermarkets,,84449,5878 Northumberland  Street,,,,Pittsburgh,PA,15217,40.4415613067987,-79.9205356682313,,,,,,,,,,,,,8,,,,,,,,,FIX,,,WPRDC Dataset: Allegheny County Restaurant/Food Facility Inspections and Locations: Geocoded Food Facilities,https://data.wprdc.org/dataset/allegheny-county-restaurant-food-facility-inspection-violations/resource/112a3821-334d-4f3f-ab40-4de1220b1a0a,,,,,
35630235,Shop 'n Save,supermarkets,,84632,4313 Walnut  Street,,,,Mc Keesport,PA,15132,40.3219335823086,-79.8336933853579,,,,,,,,,,,,,,,,,,,,,,FIX,,,WPRDC Dataset: Allegheny County Restaurant/Food Facility Inspections and Locations: Geocoded Food Facilities,https://data.wprdc.org/dataset/allegheny-county-restaurant-food-facility-inspection-violations/resource/112a3821-334d-4f3f-ab40-4de1220b1a0a,,,,,
35630258,Shop 'n Save,supermarkets,,84620,5001 Library Road,,,,Bethel Park,PA,15102,40.3410994460123,-80.0246620779768,,,,,,,,,,,,,,,,,,,,,,FIX,,,WPRDC Dataset: Allegheny County Restaurant/Food Facility Inspections and Locations: Geocoded Food Facilities,https://data.wprdc.org/dataset/allegheny-county-restaurant-food-facility-inspection-violations/resource/112a3821-334d-4f3f-ab40-4de1220b1a0a,,,,,
35630376,Community Market,supermarkets,,84592,1710 Pacific Avenue,,,,Natrona Heights,PA,15065,40.6211027742764,-79.7240879980997,,,,,,,,,,,,,,,,,,,,,,FIX,,,WPRDC Dataset: Allegheny County Restaurant/Food Facility Inspections and Locations: Geocoded Food Facilities,https://data.wprdc.org/dataset/allegheny-county-restaurant-food-facility-inspection-violations/resource/112a3821-334d-4f3f-ab40-4de1220b1a0a,,,,,
35630398,Bombay Market,supermarkets,,84614,4605 Centre Avenue,,,,Pittsburgh,PA,15213,40.4521473944633,-79.9517842956016,,,,,,,,,,,,,,,,,,,,,,FIX,,,WPRDC Dataset: Allegheny County Restaurant/Food Facility Inspections and Locations: Geocoded Food Facilities,https://data.wprdc.org/dataset/allegheny-county-restaurant-food-facility-inspection-violations/resource/112a3821-334d-4f3f-ab40-4de1220b1a0a,,,,,
35630465,Community Super Market,supermarkets,,84566,1117 Milltown Rd,,,,Verona,PA,15147,40.4986513151729,-79.7907203449821,,,,,,,,,,,,,,,,,,,,,,FIX,,,WPRDC Dataset: Allegheny County Restaurant/Food Facility Inspections and Locations: Geocoded Food Facilities,https://data.wprdc.org/dataset/allegheny-county-restaurant-food-facility-inspection-violations/resource/112a3821-334d-4f3f-ab40-4de1220b1a0a,,,,,
35630468,Costco #332,supermarkets,,84591,202 Costco Drive,,,,Pittsburgh,PA,15205,40.4595128129547,-80.1652254364233,,,,,,,,,,,,,,,,,,,,,,FIX,,,WPRDC Dataset: Allegheny County Restaurant/Food Facility Inspections and Locations: Geocoded Food Facilities,https://data.wprdc.org/dataset/allegheny-county-restaurant-food-facility-inspection-violations/resource/112a3821-334d-4f3f-ab40-4de1220b1a0a,,,,,
35630490,Coraopolis Cash Market,supermarkets,,84471,1017 4th  Avenue,,,,Coraopolis,PA,15108,40.5183067281232,-80.1628130642656,,,,,,,,,,,,,,,,,,,,,,FIX,,,WPRDC Dataset: Allegheny County Restaurant/Food Facility Inspections and Locations: Geocoded Food Facilities,https://data.wprdc.org/dataset/allegheny-county-restaurant-food-facility-inspection-violations/resource/112a3821-334d-4f3f-ab40-4de1220b1a0a,,,,,
35630869,Giant Eagle #25,supermarkets,,84473,1029 West View Park Drive,,,,Pittsburgh,PA,15229,40.516959,-80.038859,,,,,,,,,,,,,,,,,,,,,,FIX,,,WPRDC Dataset: Allegheny County Restaurant/Food Facility Inspections and Locations: Geocoded Food Facilities,https://data.wprdc.org/dataset/allegheny-county-restaurant-food-facility-inspection-violations/resource/112a3821-334d-4f3f-ab40-4de1220b1a0a,,,,,"{'accuracy': 1, 'accuracy_type': 'rooftop', 'address_components': {'number': '1029', 'predirectional': 'W', 'street': 'View Park', 'suffix': 'Dr', 'formatted_street': 'W View Park Dr', 'city': 'Pittsburgh', 'county': 'Allegheny County', 'state': 'PA', 'zip': '15229', 'country': 'US'}, 'geocoder': 'Geocodio'}"
35630870,Fresh Thyme Farmer's Market #452,supermarkets,,84623,665 Clairton  Boulevard,,,,Pittsburgh,PA,15236,40.3301968381685,-79.9440817860651,,,,,,,,,,,,,,,,,,,,,,FIX,,,WPRDC Dataset: Allegheny County Restaurant/Food Facility Inspections and Locations: Geocoded Food Facilities,https://data.wprdc.org/dataset/allegheny-county-restaurant-food-facility-inspection-violations/resource/112a3821-334d-4f3f-ab40-4de1220b1a0a,,,,,
35630871,Giant Eagle #45,supermarkets,,84491,225 Blazier Dr,,,,Pittsburgh,PA,15237,40.584386,-80.038153,,,,,,,,,,,,,,,,,,,,,,FIX,,,WPRDC Dataset: Allegheny County Restaurant/Food Facility Inspections and Locations: Geocoded Food Facilities,https://data.wprdc.org/dataset/allegheny-county-restaurant-food-facility-inspection-violations/resource/112a3821-334d-4f3f-ab40-4de1220b1a0a,,,,,"{'accuracy': 1, 'accuracy_type': 'rooftop', 'address_components': {'number': '225', 'street': 'Blazier', 'suffix': 'Dr', 'formatted_street': 'Blazier Dr', 'city': 'Pittsburgh', 'county': 'Allegheny County', 'state': 'PA', 'zip': '15237', 'country': 'US'}, 'geocoder': 'Geocodio'}"
35630872,Giant Eagle #64,supermarkets,,84485,3812 O'Neil Blvd,,,,Mc Keesport,PA,15132,40.347309,-79.831342,,,,,,,,,,,,,,,,,,,,,,FIX,,,WPRDC Dataset: Allegheny County Restaurant/Food Facility Inspections and Locations: Geocoded Food Facilities,https://data.wprdc.org/dataset/allegheny-county-restaurant-food-facility-inspection-violations/resource/112a3821-334d-4f3f-ab40-4de1220b1a0a,,,,,"{'accuracy': 1, 'accuracy_type': 'rooftop', 'address_components': {'number': '3812', 'street': 'Oneil', 'suffix': 'Blvd', 'formatted_street': 'Oneil Blvd', 'city': 'McKeesport', 'county': 'Allegheny County', 'state': 'PA', 'zip': '15132', 'country': 'US'}, 'geocoder': 'Geocodio'}"
35630873,Genji,supermarkets,,82451,10576 Perry Highway,,,,Wexford,PA,15090,40.6122613707721,-80.0529106557463,,,,,,,,,,,,,,,,,,,,,,FIX,,,WPRDC Dataset: Allegheny County Restaurant/Food Facility Inspections and Locations: Geocoded Food Facilities,https://data.wprdc.org/dataset/allegheny-county-restaurant-food-facility-inspection-violations/resource/112a3821-334d-4f3f-ab40-4de1220b1a0a,,,,,
35630874,Giant Eagle #67,supermarkets,,84538,8080 McKnight Rd / McIntyre Square  Drive,,,,Pittsburgh,PA,15237,40.556668,-80.022232,,,,,,,,,,,,,,,,,,,,,,FIX,,,WPRDC Dataset: Allegheny County Restaurant/Food Facility Inspections and Locations: Geocoded Food Facilities,https://data.wprdc.org/dataset/allegheny-county-restaurant-food-facility-inspection-violations/resource/112a3821-334d-4f3f-ab40-4de1220b1a0a,,,,,"{'accuracy': 1, 'accuracy_type': 'range_interpolation', 'address_components': {'number': '8080', 'street': 'McKnight', 'suffix': 'Rd', 'formatted_street': 'McKnight Rd', 'city': 'Pittsburgh', 'county': 'Allegheny County', 'state': 'PA', 'zip': '15237', 'country': 'US'}, 'geocoder': 'Geocodio'}"
35630875,Giant Eagle #0004,supermarkets,,84394,5055 Library  Road,,,,Bethel Park,PA,15102,40.3389236351549,-80.0254781207211,,,,,,,,,,,,,,,,,,,,,,FIX,,,WPRDC Dataset: Allegheny County Restaurant/Food Facility Inspections and Locations: Geocoded Food Facilities,https://data.wprdc.org/dataset/allegheny-county-restaurant-food-facility-inspection-violations/resource/112a3821-334d-4f3f-ab40-4de1220b1a0a,,,,,
35630876,Giant Eagle / Market District Pine #43,supermarkets,,84603,155 Towne Center  Drive,,,,Wexford,PA,15090,40.632214,-80.054324,,,,,,,,,,,,,,,,,,,,,,FIX,,,WPRDC Dataset: Allegheny County Restaurant/Food Facility Inspections and Locations: Geocoded Food Facilities,https://data.wprdc.org/dataset/allegheny-county-restaurant-food-facility-inspection-violations/resource/112a3821-334d-4f3f-ab40-4de1220b1a0a,,,,,"{'accuracy': 1, 'accuracy_type': 'rooftop', 'address_components': {'number': '155', 'street': 'Towne Centre', 'suffix': 'Blvd', 'formatted_street': 'Towne Centre Blvd', 'city': 'Wexford', 'county': 'Allegheny County', 'state': 'PA', 'zip': '15090', 'country': 'US'}, 'geocoder': 'Geocodio'}"
35630877,Giant Eagle #0015,supermarkets,,82193,1701 Lincoln Highway,,,,North Versailles,PA,15137,40.3722453854663,-79.7887557401352,,,,,,,,,,,,,,,,,,,,,,FIX,,,WPRDC Dataset: Allegheny County Restaurant/Food Facility Inspections and Locations: Geocoded Food Facilities,https://data.wprdc.org/dataset/allegheny-county-restaurant-food-facility-inspection-violations/resource/112a3821-334d-4f3f-ab40-4de1220b1a0a,,,,,
35630878,Giant Eagle #0052,supermarkets,,84495,132 Ben Avon Heights Rd,,,,Pittsburgh,PA,15237,40.5216393149771,-80.0691386522503,,,,,,,,,,,,,,,,,,,,,,FIX,,,WPRDC Dataset: Allegheny County Restaurant/Food Facility Inspections and Locations: Geocoded Food Facilities,https://data.wprdc.org/dataset/allegheny-county-restaurant-food-facility-inspection-violations/resource/112a3821-334d-4f3f-ab40-4de1220b1a0a,,,,,
35630879,Fresh Thyme Farmers Market #451,supermarkets,,84622,1155 Washington Pike,,,,Bridgeville,PA,15017,40.36960041,-80.10501537,,,,,,,,,,,,,,,,,,,,,,FIX,,,WPRDC Dataset: Allegheny County Restaurant/Food Facility Inspections and Locations: Geocoded Food Facilities,https://data.wprdc.org/dataset/allegheny-county-restaurant-food-facility-inspection-violations/resource/112a3821-334d-4f3f-ab40-4de1220b1a0a,,,,,
35630880,Giant Eagle #0073,supermarkets,,84499,9901 Mountain View  Drive,,,,West Mifflin,PA,15122,40.3396577028123,-79.9497507234932,,,,,,,,,,,,,,,,,,,,,,FIX,,,WPRDC Dataset: Allegheny County Restaurant/Food Facility Inspections and Locations: Geocoded Food Facilities,https://data.wprdc.org/dataset/allegheny-county-restaurant-food-facility-inspection-violations/resource/112a3821-334d-4f3f-ab40-4de1220b1a0a,,,,,
35630881,Giant Eagle #641,supermarkets,,16982,1025 Washington Pike,,,,Bridgeville,PA,15017,40.367163,-80.110119,,,,,,,,,,,,,,,,,,,,,,FIX,,,WPRDC Dataset: Allegheny County Restaurant/Food Facility Inspections and Locations: Geocoded Food Facilities,https://data.wprdc.org/dataset/allegheny-county-restaurant-food-facility-inspection-violations/resource/112a3821-334d-4f3f-ab40-4de1220b1a0a,,,,,
35630882,Giant Eagle #0093,supermarkets,,84625,600 Towne Square Way,,,,Pittsburgh,PA,15227,40.3656415083411,-79.9834038578078,,,,,,,,,,,,,,,,,,,,,,FIX,,,WPRDC Dataset: Allegheny County Restaurant/Food Facility Inspections and Locations: Geocoded Food Facilities,https://data.wprdc.org/dataset/allegheny-county-restaurant-food-facility-inspection-violations/resource/112a3821-334d-4f3f-ab40-4de1220b1a0a,,,,,
35630883,Giant Eagle #24 ,supermarkets,,84612,3239 Washington Pike,,,,Bridgeville,PA,15017,40.34106021,-80.11828257,,,,,,,,,,,,,,,,,,,,,,FIX,,,WPRDC Dataset: Allegheny County Restaurant/Food Facility Inspections and Locations: Geocoded Food Facilities,https://data.wprdc.org/dataset/allegheny-county-restaurant-food-facility-inspection-violations/resource/112a3821-334d-4f3f-ab40-4de1220b1a0a,,,,,
35630884,Giant Eagle #068,supermarkets,,84599,5990 University Boulevard,,,,Coraopolis,PA,15108,40.5217743173523,-80.2205626401866,,,,,,,,,,,,,,,,,,,,,,FIX,,,WPRDC Dataset: Allegheny County Restaurant/Food Facility Inspections and Locations: Geocoded Food Facilities,https://data.wprdc.org/dataset/allegheny-county-restaurant-food-facility-inspection-violations/resource/112a3821-334d-4f3f-ab40-4de1220b1a0a,,,,,
35630885,Giant Eagle #1691,supermarkets,,84515,400 Northtowne  Square,,,,Gibsonia,PA,15044,40.6364706790034,-79.9422997344717,,,,,,,,,,,,,,,,,,,,,,FIX,,,WPRDC Dataset: Allegheny County Restaurant/Food Facility Inspections and Locations: Geocoded Food Facilities,https://data.wprdc.org/dataset/allegheny-county-restaurant-food-facility-inspection-violations/resource/112a3821-334d-4f3f-ab40-4de1220b1a0a,,,,,
35630886,Giant Eagle #17,supermarkets,,84503,6320 Shakespeare St,,,,Pittsburgh,PA,15206,40.4586694165469,-79.920755192051,,,,,,,,,,,,,,,,,,,,,,FIX,,,WPRDC Dataset: Allegheny County Restaurant/Food Facility Inspections and Locations: Geocoded Food Facilities,https://data.wprdc.org/dataset/allegheny-county-restaurant-food-facility-inspection-violations/resource/112a3821-334d-4f3f-ab40-4de1220b1a0a,,,,,
35630887,Giant Eagle #18,supermarkets,,84598,1671 Butler Plank Road,,,,Glenshaw,PA,15116,40.5375454030348,-79.9649148718196,,,,,,,,,,,,,,,,,,,,,,FIX,,,WPRDC Dataset: Allegheny County Restaurant/Food Facility Inspections and Locations: Geocoded Food Facilities,https://data.wprdc.org/dataset/allegheny-county-restaurant-food-facility-inspection-violations/resource/112a3821-334d-4f3f-ab40-4de1220b1a0a,,,,,
35630888,Giant Eagle #2,supermarkets,,84511,1800 McKees Rocks Rd,,,,Mc Kees Rocks,PA,15136,40.4677890700157,-80.0976432288596,,,,,,,,,,,,,,,,,,,,,,FIX,,,WPRDC Dataset: Allegheny County Restaurant/Food Facility Inspections and Locations: Geocoded Food Facilities,https://data.wprdc.org/dataset/allegheny-county-restaurant-food-facility-inspection-violations/resource/112a3821-334d-4f3f-ab40-4de1220b1a0a,,,,,
35630889,Giant Eagle #29,supermarkets,,84608,1356 Hoffman Boulevard,,,,West Mifflin,PA,15122,40.3842655281108,-79.8681439041393,,,,,,,,,,,,,,,,,,,,,,FIX,,,WPRDC Dataset: Allegheny County Restaurant/Food Facility Inspections and Locations: Geocoded Food Facilities,https://data.wprdc.org/dataset/allegheny-county-restaurant-food-facility-inspection-violations/resource/112a3821-334d-4f3f-ab40-4de1220b1a0a,,,,,
35630890,Giant Eagle #31,supermarkets,,84560,5260  Grove Road,,,,Pittsburgh,PA,15236,40.3573973996838,-80.0022768909744,,,,,,,,,,,,,,,,,,,,,,FIX,,,WPRDC Dataset: Allegheny County Restaurant/Food Facility Inspections and Locations: Geocoded Food Facilities,https://data.wprdc.org/dataset/allegheny-county-restaurant-food-facility-inspection-violations/resource/112a3821-334d-4f3f-ab40-4de1220b1a0a,,,,,
35630891,Giant Eagle #35,supermarkets,,84631,1717 Cochran  Road,,,,Pittsburgh,PA,15220,40.3927229216368,-80.0647269863152,,,,,,,,,,,,,,,,,,,,,,FIX,,,WPRDC Dataset: Allegheny County Restaurant/Food Facility Inspections and Locations: Geocoded Food Facilities,https://data.wprdc.org/dataset/allegheny-county-restaurant-food-facility-inspection-violations/resource/112a3821-334d-4f3f-ab40-4de1220b1a0a,,,,,
35630892,Giant Eagle #37,supermarkets,,84479,5 Quaker Village Shopping Center,,,,Leetsdale,PA,15056,40.559414,-80.203569,,,,,,,,,,,,,,,,,,,,,,FIX,,,WPRDC Dataset: Allegheny County Restaurant/Food Facility Inspections and Locations: Geocoded Food Facilities,https://data.wprdc.org/dataset/allegheny-county-restaurant-food-facility-inspection-violations/resource/112a3821-334d-4f3f-ab40-4de1220b1a0a,,,,,"{'confidence': 0.8, 'accuracy': 'point', 'match_type': 'fallback', 'layer': 'address', 'label': '8A Quaker Village Shopping Center, Leetsdale, PA, USA'}"
35630893,Giant Eagle #38,supermarkets,,84504,1901 Murray Avenue,,,,Pittsburgh,PA,15217,40.4356644808696,-79.9225606363348,,,,,,,,,,,,,,,,,,,,,,FIX,,,WPRDC Dataset: Allegheny County Restaurant/Food Facility Inspections and Locations: Geocoded Food Facilities,https://data.wprdc.org/dataset/allegheny-county-restaurant-food-facility-inspection-violations/resource/112a3821-334d-4f3f-ab40-4de1220b1a0a,,,,,
35630894,Shop 'n Save #0212100,supermarkets,,84633,4548 Broadway  Boulevard,,,,Monroeville,PA,15146,40.389146494909,-79.7671915533704,,,,,,,,,,,,,,,,,,,,,,FIX,,,WPRDC Dataset: Allegheny County Restaurant/Food Facility Inspections and Locations: Geocoded Food Facilities,https://data.wprdc.org/dataset/allegheny-county-restaurant-food-facility-inspection-violations/resource/112a3821-334d-4f3f-ab40-4de1220b1a0a,,,,,
35630895,Giant Eagle #60,supermarkets,,84507,4010 Monroeville Boulevard,,,,Monroeville,PA,15146,40.432094206355,-79.7726641316603,,,,,,,,,,,,,,,,,,,,,,FIX,,,WPRDC Dataset: Allegheny County Restaurant/Food Facility Inspections and Locations: Geocoded Food Facilities,https://data.wprdc.org/dataset/allegheny-county-restaurant-food-facility-inspection-violations/resource/112a3821-334d-4f3f-ab40-4de1220b1a0a,,,,,
35630896,Giant Eagle #605 Elizabeth Township,supermarkets,,84542,800 McKeesport  Road,,,,Elizabeth,PA,15037,40.2799239290416,-79.875698354338,,,,,,,,,,,,,,,,,,,,,,FIX,,,WPRDC Dataset: Allegheny County Restaurant/Food Facility Inspections and Locations: Geocoded Food Facilities,https://data.wprdc.org/dataset/allegheny-county-restaurant-food-facility-inspection-violations/resource/112a3821-334d-4f3f-ab40-4de1220b1a0a,,,,,
35630897,Giant Eagle #61,supermarkets,,84456,2021 Wharton  Street,,,,Pittsburgh,PA,15203,40.4311319291128,-79.9766070844995,,,,,,,,,,,,,,,,,,,,,,FIX,,,WPRDC Dataset: Allegheny County Restaurant/Food Facility Inspections and Locations: Geocoded Food Facilities,https://data.wprdc.org/dataset/allegheny-county-restaurant-food-facility-inspection-violations/resource/112a3821-334d-4f3f-ab40-4de1220b1a0a,,,,,
35630898,Giant Eagle #619,supermarkets,,84546,1705 Braddock Avenue,,,,Pittsburgh,PA,15218,40.427317,-79.890896,,,,,,,,,,,,,,,,,,,,,,FIX,,,WPRDC Dataset: Allegheny County Restaurant/Food Facility Inspections and Locations: Geocoded Food Facilities,https://data.wprdc.org/dataset/allegheny-county-restaurant-food-facility-inspection-violations/resource/112a3821-334d-4f3f-ab40-4de1220b1a0a,,,,,"{'confidence': 0.8, 'accuracy': 'point', 'match_type': 'interpolated', 'layer': 'address', 'label': '1705 South Braddock Avenue, Pittsburgh, PA, USA'}"
35630899,Giant Eagle #63,supermarkets,,84505,4250  Murray Ave,,,,Pittsburgh,PA,15217,40.422252855852,-79.9294231858365,,,,,,,,,,,,,,,,,,,,,,FIX,,,WPRDC Dataset: Allegheny County Restaurant/Food Facility Inspections and Locations: Geocoded Food Facilities,https://data.wprdc.org/dataset/allegheny-county-restaurant-food-facility-inspection-violations/resource/112a3821-334d-4f3f-ab40-4de1220b1a0a,,,,,
35630900,Giant Eagle #6379,supermarkets,,84553,420 E Waterfront Dr,,,,Homestead,PA,15120,40.4110092447386,-79.9084912857073,,,,,,,,,,,,,,,,,,,,,,FIX,,,WPRDC Dataset: Allegheny County Restaurant/Food Facility Inspections and Locations: Geocoded Food Facilities,https://data.wprdc.org/dataset/allegheny-county-restaurant-food-facility-inspection-violations/resource/112a3821-334d-4f3f-ab40-4de1220b1a0a,,,,,
35630901,Giant Eagle #646,supermarkets,,82425,51 Walsh Road,,,,Pittsburgh,PA,15205,40.4405981739094,-80.0720081639852,,,,,,,,,,,,,,,,,,,,,,FIX,,,WPRDC Dataset: Allegheny County Restaurant/Food Facility Inspections and Locations: Geocoded Food Facilities,https://data.wprdc.org/dataset/allegheny-county-restaurant-food-facility-inspection-violations/resource/112a3821-334d-4f3f-ab40-4de1220b1a0a,,,,,
35630902,Giant Eagle #65,supermarkets,,84490,4110 Brighton Road,,,,Pittsburgh,PA,15212,40.4892632674544,-80.0434660161438,,,,,,,,,,,,,,,,,,,,,,FIX,,,WPRDC Dataset: Allegheny County Restaurant/Food Facility Inspections and Locations: Geocoded Food Facilities,https://data.wprdc.org/dataset/allegheny-county-restaurant-food-facility-inspection-violations/resource/112a3821-334d-4f3f-ab40-4de1220b1a0a,,,,,
35630903,Giant Eagle #69,supermarkets,,84611,9001 Frankstown  Road,,,,Pittsburgh,PA,15235,40.4626672982706,-79.8652581449567,,,,,,,,,,,,,,,,,,,,,,FIX,,,WPRDC Dataset: Allegheny County Restaurant/Food Facility Inspections and Locations: Geocoded Food Facilities,https://data.wprdc.org/dataset/allegheny-county-restaurant-food-facility-inspection-violations/resource/112a3821-334d-4f3f-ab40-4de1220b1a0a,,,,,
35630904,Giant Eagle #695,supermarkets,,84510,200 Allegheny River Boulevard,,,,Verona,PA,15147,40.4992344638881,-79.8444725515873,,,,,,,,,,,,,,,,,,,,,,FIX,,,WPRDC Dataset: Allegheny County Restaurant/Food Facility Inspections and Locations: Geocoded Food Facilities,https://data.wprdc.org/dataset/allegheny-county-restaurant-food-facility-inspection-violations/resource/112a3821-334d-4f3f-ab40-4de1220b1a0a,,,,,
35630905,Giant Eagle #74,supermarkets,,84470,1165 McKinney Lane #100,,,,Pittsburgh,PA,15220,40.4230005232593,-80.0350228161454,,,,,,,,,,,,,,,,,,,,,,FIX,,,WPRDC Dataset: Allegheny County Restaurant/Food Facility Inspections and Locations: Geocoded Food Facilities,https://data.wprdc.org/dataset/allegheny-county-restaurant-food-facility-inspection-violations/resource/112a3821-334d-4f3f-ab40-4de1220b1a0a,,,,,
35630906,Giant Eagle #77,supermarkets,,84472,254 Yost  Boulevard,,,,Pittsburgh,PA,15221,40.4144911501518,-79.8552918228808,,,,,,,,,,,,,,,,,,,,,,FIX,,,WPRDC Dataset: Allegheny County Restaurant/Food Facility Inspections and Locations: Geocoded Food Facilities,https://data.wprdc.org/dataset/allegheny-county-restaurant-food-facility-inspection-violations/resource/112a3821-334d-4f3f-ab40-4de1220b1a0a,,,,,
35630907,Giant Eagle #78,supermarkets,,84478,230 Rodi Road,,,,Pittsburgh,PA,15235,40.4617445773283,-79.8252122711155,,,,,,,,,,,,,,,,,,,,,,FIX,,,WPRDC Dataset: Allegheny County Restaurant/Food Facility Inspections and Locations: Geocoded Food Facilities,https://data.wprdc.org/dataset/allegheny-county-restaurant-food-facility-inspection-violations/resource/112a3821-334d-4f3f-ab40-4de1220b1a0a,,,,,
35630908,Giant Eagle #91,supermarkets,,84617,318 Cedar Avenue,,,,Pittsburgh,PA,15212,40.4515012707367,-79.9996723779341,,,,,,,,,,,,,,,,,,,,,,FIX,,,WPRDC Dataset: Allegheny County Restaurant/Food Facility Inspections and Locations: Geocoded Food Facilities,https://data.wprdc.org/dataset/allegheny-county-restaurant-food-facility-inspection-violations/resource/112a3821-334d-4f3f-ab40-4de1220b1a0a,,,,,
35630909,Giant Eagle / Market District Shadyside #40,supermarkets,,84570,5550 Centre Avenue,,,,Pittsburgh,PA,15232,40.4566054440019,-79.9343652788186,,,,,,,,,,,,,,,,,,,,,,FIX,,,WPRDC Dataset: Allegheny County Restaurant/Food Facility Inspections and Locations: Geocoded Food Facilities,https://data.wprdc.org/dataset/allegheny-county-restaurant-food-facility-inspection-violations/resource/112a3821-334d-4f3f-ab40-4de1220b1a0a,,,,,
35630910,Kuhn's Market,supermarkets,,84581,745 Ingomar  Road,,,,Ingomar,PA,15127,40.581318,-80.055503,,,,,,,,,,,,,,,,,,,,,,FIX,,,WPRDC Dataset: Allegheny County Restaurant/Food Facility Inspections and Locations: Geocoded Food Facilities,https://data.wprdc.org/dataset/allegheny-county-restaurant-food-facility-inspection-violations/resource/112a3821-334d-4f3f-ab40-4de1220b1a0a,,,,,"{'accuracy': 0.9, 'accuracy_type': 'range_interpolation', 'address_components': {'number': '745', 'street': 'Ingomar', 'suffix': 'Rd', 'formatted_street': 'Ingomar Rd', 'city': 'Pittsburgh', 'county': 'Allegheny County', 'state': 'PA', 'zip': '15237', 'country': 'US'}, 'geocoder': 'Geocodio'}"
35630911,Giant Eagle / Market District South Hills #14,supermarkets,,84525,7000 Oxford  Drive,,,,Bethel Park,PA,15102,40.3472222182917,-80.0465464537892,,,,,,,,,,,,,,,,,,,,,,FIX,,,WPRDC Dataset: Allegheny County Restaurant/Food Facility Inspections and Locations: Geocoded Food Facilities,https://data.wprdc.org/dataset/allegheny-county-restaurant-food-facility-inspection-violations/resource/112a3821-334d-4f3f-ab40-4de1220b1a0a,,,,,
35630912,Kuhn's Market,supermarkets,,84476,700 Beulah Rd,,,,Turtle Creek,PA,15145,40.42616,-79.835056,,,,,,,,,,,,,,,,,,,,,,FIX,,,WPRDC Dataset: Allegheny County Restaurant/Food Facility Inspections and Locations: Geocoded Food Facilities,https://data.wprdc.org/dataset/allegheny-county-restaurant-food-facility-inspection-violations/resource/112a3821-334d-4f3f-ab40-4de1220b1a0a,,,,,"{'accuracy': 1, 'accuracy_type': 'range_interpolation', 'address_components': {'number': '700', 'street': 'Beulah', 'suffix': 'Rd', 'formatted_street': 'Beulah Rd', 'city': 'Turtle Creek', 'county': 'Allegheny County', 'state': 'PA', 'zip': '15145', 'country': 'US'}, 'geocoder': 'Geocodio'}"
35630913,Giant Eagle / Market District Waterworks #72,supermarkets,,84536,910 Freeport  Road,,,,Pittsburgh,PA,15238,40.4880818184585,-79.8943172227734,,,,,,,,,,,,,,,,,,,,,,FIX,,,WPRDC Dataset: Allegheny County Restaurant/Food Facility Inspections and Locations: Geocoded Food Facilities,https://data.wprdc.org/dataset/allegheny-county-restaurant-food-facility-inspection-violations/resource/112a3821-334d-4f3f-ab40-4de1220b1a0a,,,,,
35630914,Sam's Club #6678,supermarkets,,84590,289 Mt Nebo Pointe Drive,,,,Pittsburgh,PA,15237,40.534182,-80.067947,,,,,,,,,,,,,,,,,,,,,,FIX,,,WPRDC Dataset: Allegheny County Restaurant/Food Facility Inspections and Locations: Geocoded Food Facilities,https://data.wprdc.org/dataset/allegheny-county-restaurant-food-facility-inspection-violations/resource/112a3821-334d-4f3f-ab40-4de1220b1a0a,,,,,"{'accuracy': 1, 'accuracy_type': 'rooftop', 'address_components': {'number': '289', 'street': 'Mt Nebo Pointe', 'suffix': 'Dr', 'formatted_street': 'Mt Nebo Pointe Dr', 'city': 'Pittsburgh', 'county': 'Allegheny County', 'state': 'PA', 'zip': '15237', 'country': 'US'}, 'geocoder': 'Geocodio'}"
35630915,Giant Eagle Express #5103,supermarkets,,84577,2611 Freeport Road,,,,Pittsburgh,PA,15238,40.5378348108938,-79.838817397384,,,,,,,,,,,,,,,,,,,,,,FIX,,,WPRDC Dataset: Allegheny County Restaurant/Food Facility Inspections and Locations: Geocoded Food Facilities,https://data.wprdc.org/dataset/allegheny-county-restaurant-food-facility-inspection-violations/resource/112a3821-334d-4f3f-ab40-4de1220b1a0a,,,,,
35630916,Save A Lot / Wilkinsburg,supermarkets,,84629,725 Ross St,,,,Pittsburgh,PA,15221,40.442874,-79.884791,,,,,,,,,,,,,,,,,,,,,,FIX,,,WPRDC Dataset: Allegheny County Restaurant/Food Facility Inspections and Locations: Geocoded Food Facilities,https://data.wprdc.org/dataset/allegheny-county-restaurant-food-facility-inspection-violations/resource/112a3821-334d-4f3f-ab40-4de1220b1a0a,,,,,"{'accuracy': 1, 'accuracy_type': 'range_interpolation', 'address_components': {'number': '725', 'street': 'Ross', 'suffix': 'St', 'formatted_street': 'Ross St', 'city': 'Pittsburgh', 'county': 'Allegheny County', 'state': 'PA', 'zip': '15221', 'country': 'US'}, 'geocoder': 'Geocodio'}"
35630917,Giant Eagle Store #600,supermarkets,,79649,2001 Lincoln  Way,,,,Mc Keesport,PA,15131,40.3355093395296,-79.8040198034118,,,,,,,,,,,,,,,,,,,,,,FIX,,,WPRDC Dataset: Allegheny County Restaurant/Food Facility Inspections and Locations: Geocoded Food Facilities,https://data.wprdc.org/dataset/allegheny-county-restaurant-food-facility-inspection-violations/resource/112a3821-334d-4f3f-ab40-4de1220b1a0a,,,,,
35630918,Gordon Food Service,supermarkets,,84564,3620 Wm Penn Hwy,,,,Monroeville,PA,15146,40.4320784359189,-79.7996115341044,,,,,,,,,,,,,,,,,,,,,,FIX,,,WPRDC Dataset: Allegheny County Restaurant/Food Facility Inspections and Locations: Geocoded Food Facilities,https://data.wprdc.org/dataset/allegheny-county-restaurant-food-facility-inspection-violations/resource/112a3821-334d-4f3f-ab40-4de1220b1a0a,,,,,
35630919,Gordon Food Service Store,supermarkets,,84565,1 Urbano Way,,,,Pittsburgh,PA,15205,40.4573716007765,-80.1659936179759,,,,,,,,,,,,,,,,,,,,,,FIX,,,WPRDC Dataset: Allegheny County Restaurant/Food Facility Inspections and Locations: Geocoded Food Facilities,https://data.wprdc.org/dataset/allegheny-county-restaurant-food-facility-inspection-violations/resource/112a3821-334d-4f3f-ab40-4de1220b1a0a,,,,,
35630920,Gordon Food Service Store ,supermarkets,,84568,510 Clairton Blvd,,,,Pittsburgh,PA,15236,40.3338231198288,-79.9470969897752,,,,,,,,,,,,,,,,,,,,,,FIX,,,WPRDC Dataset: Allegheny County Restaurant/Food Facility Inspections and Locations: Geocoded Food Facilities,https://data.wprdc.org/dataset/allegheny-county-restaurant-food-facility-inspection-violations/resource/112a3821-334d-4f3f-ab40-4de1220b1a0a,,,,,
35630921,Gurung Brothers ,supermarkets,,84626,2950 Brownsville Road,,,,Pittsburgh,PA,15227,40.3814730252973,-79.9765425506129,,,,,,,,,,,,,,,,,,,,,,FIX,,,WPRDC Dataset: Allegheny County Restaurant/Food Facility Inspections and Locations: Geocoded Food Facilities,https://data.wprdc.org/dataset/allegheny-county-restaurant-food-facility-inspection-violations/resource/112a3821-334d-4f3f-ab40-4de1220b1a0a,,,,,
35630922,Kuhn's Market,supermarkets,,84615,2412 Ferguson  Road,,,,Allison Park,PA,15101,40.5549333517801,-79.9724557251409,,,,,,,,,,,,,,,,,,,,,,FIX,,,WPRDC Dataset: Allegheny County Restaurant/Food Facility Inspections and Locations: Geocoded Food Facilities,https://data.wprdc.org/dataset/allegheny-county-restaurant-food-facility-inspection-violations/resource/112a3821-334d-4f3f-ab40-4de1220b1a0a,,,,,
35630923,Kuhn's Market,supermarkets,,81711,4801 McKnight Road,,,,Pittsburgh,PA,15237,40.5263638955816,-80.0087942442622,,,,,,,,,,,,,,,,,,,,,,FIX,,,WPRDC Dataset: Allegheny County Restaurant/Food Facility Inspections and Locations: Geocoded Food Facilities,https://data.wprdc.org/dataset/allegheny-county-restaurant-food-facility-inspection-violations/resource/112a3821-334d-4f3f-ab40-4de1220b1a0a,,,,,
35630924,Kuhn's Market,supermarkets,,84448,661 Lincoln Ave,,,,Pittsburgh,PA,15202,40.4971622083202,-80.06027922446,,,,,,,,,,,,,,,,,,,,,,FIX,,,WPRDC Dataset: Allegheny County Restaurant/Food Facility Inspections and Locations: Geocoded Food Facilities,https://data.wprdc.org/dataset/allegheny-county-restaurant-food-facility-inspection-violations/resource/112a3821-334d-4f3f-ab40-4de1220b1a0a,,,,,
35630925,Kuhn's Market,supermarkets,,84556,1130 Highwood St,,,,Pittsburgh,PA,15212,40.4683946374744,-80.0266026129949,,,,,,,,,,,,,,,,,,,,,,FIX,,,WPRDC Dataset: Allegheny County Restaurant/Food Facility Inspections and Locations: Geocoded Food Facilities,https://data.wprdc.org/dataset/allegheny-county-restaurant-food-facility-inspection-violations/resource/112a3821-334d-4f3f-ab40-4de1220b1a0a,,,,,
35630926,Kuhn's Market #4,supermarkets,,83539,3125 Banksville Road,,,,Pittsburgh,PA,15216,40.3998001269022,-80.0434513724498,,,,,,,,,,,,,,,,,,,,,,FIX,,,WPRDC Dataset: Allegheny County Restaurant/Food Facility Inspections and Locations: Geocoded Food Facilities,https://data.wprdc.org/dataset/allegheny-county-restaurant-food-facility-inspection-violations/resource/112a3821-334d-4f3f-ab40-4de1220b1a0a,,,,,
35630927,Lamperts Deli Express,supermarkets,,84607,2010 Eden Park Boulevard,,,,Mc Keesport,PA,15132,40.3426199543635,-79.8291410119728,,,,,,,,,,,,,,,,,,,,,,FIX,,,WPRDC Dataset: Allegheny County Restaurant/Food Facility Inspections and Locations: Geocoded Food Facilities,https://data.wprdc.org/dataset/allegheny-county-restaurant-food-facility-inspection-violations/resource/112a3821-334d-4f3f-ab40-4de1220b1a0a,,,,,
35630928,Las Palmas,supermarkets,,84602,700 Brookline Boulevard,,,,Pittsburgh,PA,15226,40.3945831705757,-80.0216923070246,,,,,,,,,,,,,,,,,,,,,,FIX,,,WPRDC Dataset: Allegheny County Restaurant/Food Facility Inspections and Locations: Geocoded Food Facilities,https://data.wprdc.org/dataset/allegheny-county-restaurant-food-facility-inspection-violations/resource/112a3821-334d-4f3f-ab40-4de1220b1a0a,,,,,
35630929,Leonard Labriola Foods,supermarkets,,84567,121 Hulton Road,,,,Verona,PA,15147,40.484548731855,-79.8201127507331,,,,,,,,,,,,,,,,,,,,,,FIX,,,WPRDC Dataset: Allegheny County Restaurant/Food Facility Inspections and Locations: Geocoded Food Facilities,https://data.wprdc.org/dataset/allegheny-county-restaurant-food-facility-inspection-violations/resource/112a3821-334d-4f3f-ab40-4de1220b1a0a,,,,,
35630930,Leonard Labriola's Italian Market,supermarkets,,84628,4039 Monroeville  Boulevard,,,,Monroeville,PA,15146,40.4356127538586,-79.7689326193654,,,,,,,,,,,,,,,,,,,,,,FIX,,,WPRDC Dataset: Allegheny County Restaurant/Food Facility Inspections and Locations: Geocoded Food Facilities,https://data.wprdc.org/dataset/allegheny-county-restaurant-food-facility-inspection-violations/resource/112a3821-334d-4f3f-ab40-4de1220b1a0a,,,,,
35630931,Leonard Labriola's Italian Store,supermarkets,,84606,112 Northgate Drive,,,,Warrendale,PA,15086,40.6505072280339,-80.0782054518127,,,,,,,,,,,,,,,,,,,,,,FIX,,,WPRDC Dataset: Allegheny County Restaurant/Food Facility Inspections and Locations: Geocoded Food Facilities,https://data.wprdc.org/dataset/allegheny-county-restaurant-food-facility-inspection-violations/resource/112a3821-334d-4f3f-ab40-4de1220b1a0a,,,,,
35630932,Lotus Noodle Co,supermarkets,,84575,1649 Penn Avenue,,,,Pittsburgh,PA,15222,40.4497663732215,-79.986426220449,,,,,,,,,,,,,,,,,,,,,,FIX,,,WPRDC Dataset: Allegheny County Restaurant/Food Facility Inspections and Locations: Geocoded Food Facilities,https://data.wprdc.org/dataset/allegheny-county-restaurant-food-facility-inspection-violations/resource/112a3821-334d-4f3f-ab40-4de1220b1a0a,,,,,
35630933,Many More Asian Market,supermarkets,,84630,3050 Smallman Street,,,,Pittsburgh,PA,15201,40.4598254466306,-79.9725676376452,,,,,,,,,,,,,,,,,,,,,,FIX,,,WPRDC Dataset: Allegheny County Restaurant/Food Facility Inspections and Locations: Geocoded Food Facilities,https://data.wprdc.org/dataset/allegheny-county-restaurant-food-facility-inspection-violations/resource/112a3821-334d-4f3f-ab40-4de1220b1a0a,,,,,
35630934,Market on Broadway IGA / Las Palmas,supermarkets,,84596,1616 Broadway Avenue,,,,Pittsburgh,PA,15216,40.4101126324247,-80.024943742701,,,,,,,,,,,,,,,,,,,,,,FIX,,,WPRDC Dataset: Allegheny County Restaurant/Food Facility Inspections and Locations: Geocoded Food Facilities,https://data.wprdc.org/dataset/allegheny-county-restaurant-food-facility-inspection-violations/resource/112a3821-334d-4f3f-ab40-4de1220b1a0a,,,,,
35630935,Murray Avenue Kosher,supermarkets,,84500,1912 Murray  Avenue,,,,Pittsburgh,PA,15217,40.4355414383475,-79.9231754772003,,,,,,,,,,,,,,,,,,,,,,FIX,,,WPRDC Dataset: Allegheny County Restaurant/Food Facility Inspections and Locations: Geocoded Food Facilities,https://data.wprdc.org/dataset/allegheny-county-restaurant-food-facility-inspection-violations/resource/112a3821-334d-4f3f-ab40-4de1220b1a0a,,,,,
35630936,Oriental Market,supermarkets,,84594,4768 McKnight  Road,,,,Pittsburgh,PA,15237,40.51991327124,-80.0043708914935,,,,,,,,,,,,,,,,,,,,,,FIX,,,WPRDC Dataset: Allegheny County Restaurant/Food Facility Inspections and Locations: Geocoded Food Facilities,https://data.wprdc.org/dataset/allegheny-county-restaurant-food-facility-inspection-violations/resource/112a3821-334d-4f3f-ab40-4de1220b1a0a,,,,,
35630937,Patel Brothers,supermarkets,,84621,312 Mall Plaza Boulevard,,,,Monroeville,PA,15146,40.433412,-79.78908,,,,,,,,,,,,,,,,,,,,,,FIX,,,WPRDC Dataset: Allegheny County Restaurant/Food Facility Inspections and Locations: Geocoded Food Facilities,https://data.wprdc.org/dataset/allegheny-county-restaurant-food-facility-inspection-violations/resource/112a3821-334d-4f3f-ab40-4de1220b1a0a,,,,,"{'confidence': 0.8, 'accuracy': 'point', 'match_type': 'interpolated', 'layer': 'address', 'label': '312 Mall Plaza Boulevard, Monroeville, PA, USA'}"
35630938,Patsy's Market,supermarkets,,84551,483 Center Avenue,,,,Verona,PA,15147,40.5066864590562,-79.8397324193068,,,,,,,,,,,,,,,,,,,,,,FIX,,,WPRDC Dataset: Allegheny County Restaurant/Food Facility Inspections and Locations: Geocoded Food Facilities,https://data.wprdc.org/dataset/allegheny-county-restaurant-food-facility-inspection-violations/resource/112a3821-334d-4f3f-ab40-4de1220b1a0a,,,,,
35630939,Robert Wholey Co,supermarkets,,80584,1711 Penn Avenue,,,,Pittsburgh,PA,15222,40.4501010031256,-79.9858632975096,,,,,,,,,,,,,,,,,,,,,,FIX,,,WPRDC Dataset: Allegheny County Restaurant/Food Facility Inspections and Locations: Geocoded Food Facilities,https://data.wprdc.org/dataset/allegheny-county-restaurant-food-facility-inspection-violations/resource/112a3821-334d-4f3f-ab40-4de1220b1a0a,,,,,
35630940,Safrans Market,supermarkets,,84462,429 Walnut Street,,,,Sewickley,PA,15143,40.5410391195376,-80.1822622094134,,,,,,,,,,,,,,,,,,,,,,FIX,,,WPRDC Dataset: Allegheny County Restaurant/Food Facility Inspections and Locations: Geocoded Food Facilities,https://data.wprdc.org/dataset/allegheny-county-restaurant-food-facility-inspection-violations/resource/112a3821-334d-4f3f-ab40-4de1220b1a0a,,,,,
35630941,Sam's Club #4952,supermarkets,,84583,2000 Village Center Drive,,,,Tarentum,PA,15084,40.5658148226346,-79.8042349198677,,,,,,,,,,,,,,,,,,,,,,FIX,,,WPRDC Dataset: Allegheny County Restaurant/Food Facility Inspections and Locations: Geocoded Food Facilities,https://data.wprdc.org/dataset/allegheny-county-restaurant-food-facility-inspection-violations/resource/112a3821-334d-4f3f-ab40-4de1220b1a0a,,,,,
35630942,Sam's Club #6575,supermarkets,,84493,249 Summit Park Drive,,,,Pittsburgh,PA,15275,40.4495538766619,-80.1779904349046,,,,,,,,,,,,,,,,,,,,,,FIX,,,WPRDC Dataset: Allegheny County Restaurant/Food Facility Inspections and Locations: Geocoded Food Facilities,https://data.wprdc.org/dataset/allegheny-county-restaurant-food-facility-inspection-violations/resource/112a3821-334d-4f3f-ab40-4de1220b1a0a,,,,,
35630943,Sam's Club #6677,supermarkets,,81326,3621 Wm Penn Hwy,,,,Monroeville,PA,15146,40.4364851928196,-79.7995118358429,,,,,,,,,,,,,,,,,,,,,,FIX,,,WPRDC Dataset: Allegheny County Restaurant/Food Facility Inspections and Locations: Geocoded Food Facilities,https://data.wprdc.org/dataset/allegheny-county-restaurant-food-facility-inspection-violations/resource/112a3821-334d-4f3f-ab40-4de1220b1a0a,,,,,
35630944,Sam's Club #6679,supermarkets,,84588,2251 Century  Drive,,,,West Mifflin,PA,15122,40.3438997276761,-79.9490457924018,,,,,,,,,,,,,,,,,,,,,,FIX,,,WPRDC Dataset: Allegheny County Restaurant/Food Facility Inspections and Locations: Geocoded Food Facilities,https://data.wprdc.org/dataset/allegheny-county-restaurant-food-facility-inspection-violations/resource/112a3821-334d-4f3f-ab40-4de1220b1a0a,,,,,
35630945,Save A Lot / Duquesne,supermarkets,,84600,9 Duquesne Plaza,,,,Duquesne,PA,15110,40.3745913445493,-79.8468335297461,,,,,,,,,,,,,,,,,,,,,,FIX,,,WPRDC Dataset: Allegheny County Restaurant/Food Facility Inspections and Locations: Geocoded Food Facilities,https://data.wprdc.org/dataset/allegheny-county-restaurant-food-facility-inspection-violations/resource/112a3821-334d-4f3f-ab40-4de1220b1a0a,,,,,
35630946,Save A Lot / North Versailles,supermarkets,,83973,355 Lincoln Hwy,,,,North Versailles,PA,15137,40.3844829417729,-79.8212778114393,,,,,,,,,,,,,,,,,,,,,,FIX,,,WPRDC Dataset: Allegheny County Restaurant/Food Facility Inspections and Locations: Geocoded Food Facilities,https://data.wprdc.org/dataset/allegheny-county-restaurant-food-facility-inspection-violations/resource/112a3821-334d-4f3f-ab40-4de1220b1a0a,,,,,
35630947,Shop 'n Save,supermarkets,,84528,450 56th Street,,,,Pittsburgh,PA,15201,40.4832210796356,-79.9486161713864,,,,,,,,,,,,,,,,,,,,,,FIX,,,WPRDC Dataset: Allegheny County Restaurant/Food Facility Inspections and Locations: Geocoded Food Facilities,https://data.wprdc.org/dataset/allegheny-county-restaurant-food-facility-inspection-violations/resource/112a3821-334d-4f3f-ab40-4de1220b1a0a,,,,,
35630948,Shop 'n Save,supermarkets,,84571,2362 Golden Mile  Highway,,,,Pittsburgh,PA,15239,40.4624461319207,-79.7047653659144,,,,,,,,,,,,,,,,,,,,,,FIX,,,WPRDC Dataset: Allegheny County Restaurant/Food Facility Inspections and Locations: Geocoded Food Facilities,https://data.wprdc.org/dataset/allegheny-county-restaurant-food-facility-inspection-violations/resource/112a3821-334d-4f3f-ab40-4de1220b1a0a,,,,,
35630949,Shop 'n Save,supermarkets,,84589,799 Castle Shannon  Boulevard,,,,Pittsburgh,PA,15234,40.3691959160416,-80.0286316622096,,,,,,,,,,,,,,,,,,,,,,FIX,,,WPRDC Dataset: Allegheny County Restaurant/Food Facility Inspections and Locations: Geocoded Food Facilities,https://data.wprdc.org/dataset/allegheny-county-restaurant-food-facility-inspection-violations/resource/112a3821-334d-4f3f-ab40-4de1220b1a0a,,,,,
35630950,Shop 'n Save,supermarkets,,84469,4647 Buttermilk Hollow  Road,,,,West Mifflin,PA,15122,40.360992148186,-79.9065353115039,,,,,,,,,,,,,,,,,,,,,,FIX,,,WPRDC Dataset: Allegheny County Restaurant/Food Facility Inspections and Locations: Geocoded Food Facilities,https://data.wprdc.org/dataset/allegheny-county-restaurant-food-facility-inspection-violations/resource/112a3821-334d-4f3f-ab40-4de1220b1a0a,,,,,
35630951,Shop 'n Save #0212404 Imperial,supermarkets,,84584,600 Market Place Drive,,,,Oakdale,PA,15071,40.4402026512141,-80.241229135522,,,,,,,,,,,,,,,,,,,,,,FIX,,,WPRDC Dataset: Allegheny County Restaurant/Food Facility Inspections and Locations: Geocoded Food Facilities,https://data.wprdc.org/dataset/allegheny-county-restaurant-food-facility-inspection-violations/resource/112a3821-334d-4f3f-ab40-4de1220b1a0a,,,,,
35630952,Shop 'n Save / Glenshaw #212403,supermarkets,,84573,917 Butler  Street,,,,Glenshaw,PA,15116,40.511435,-79.949184,,,,,,,,,,,,,,,,,,,,,,FIX,,,WPRDC Dataset: Allegheny County Restaurant/Food Facility Inspections and Locations: Geocoded Food Facilities,https://data.wprdc.org/dataset/allegheny-county-restaurant-food-facility-inspection-violations/resource/112a3821-334d-4f3f-ab40-4de1220b1a0a,,,,,"{'accuracy': 0.8, 'accuracy_type': 'rooftop', 'address_components': {'number': '917', 'street': 'Butler', 'suffix': 'St', 'formatted_street': 'Butler St', 'city': 'Pittsburgh', 'county': 'Allegheny County', 'state': 'PA', 'zip': '15223', 'country': 'US'}, 'geocoder': 'Geocodio'}"
35630953,Shop 'n Save #1076 Mt. Washington,supermarkets,,84466,125 Virginia Avenue,,,,Pittsburgh,PA,15211,40.4294207827719,-80.0079707599967,,,,,,,,,,,,,,,,,,,,,,FIX,,,WPRDC Dataset: Allegheny County Restaurant/Food Facility Inspections and Locations: Geocoded Food Facilities,https://data.wprdc.org/dataset/allegheny-county-restaurant-food-facility-inspection-violations/resource/112a3821-334d-4f3f-ab40-4de1220b1a0a,,,,,
35630954,Shop 'n Save Penn Hills ,supermarkets,,84512,2820 Universal  Road,,,,Pittsburgh,PA,15235,40.476155,-79.784692,,,,,,,,,,,,,,,,,,,,,,FIX,,,WPRDC Dataset: Allegheny County Restaurant/Food Facility Inspections and Locations: Geocoded Food Facilities,https://data.wprdc.org/dataset/allegheny-county-restaurant-food-facility-inspection-violations/resource/112a3821-334d-4f3f-ab40-4de1220b1a0a,,,,,"{'accuracy': 0.78, 'accuracy_type': 'rooftop', 'address_components': {'number': '2820', 'street': 'Main', 'suffix': 'St', 'formatted_street': 'Main St', 'city': 'Pittsburgh', 'county': 'Allegheny County', 'state': 'PA', 'zip': '15235', 'country': 'US'}, 'geocoder': 'Geocodio'}"
35630955,Shop 'n Save - Pines Plaza ,supermarkets,,82607,1130 Perry  Highway,,,,Pittsburgh,PA,15237,40.5479378815443,-80.0355798189684,,,,,,,,,,,,,,,,,,,,,,FIX,,,WPRDC Dataset: Allegheny County Restaurant/Food Facility Inspections and Locations: Geocoded Food Facilities,https://data.wprdc.org/dataset/allegheny-county-restaurant-food-facility-inspection-violations/resource/112a3821-334d-4f3f-ab40-4de1220b1a0a,,,,,
35630956,Trader Joe's #624,supermarkets,,84613,9020 Covenant Avenue,,,,Pittsburgh,PA,15237,40.570472,-80.022153,,,,,,,,,,,,,,,,,,,,,,FIX,,,WPRDC Dataset: Allegheny County Restaurant/Food Facility Inspections and Locations: Geocoded Food Facilities,https://data.wprdc.org/dataset/allegheny-county-restaurant-food-facility-inspection-violations/resource/112a3821-334d-4f3f-ab40-4de1220b1a0a,,,,,"{'accuracy': 1, 'accuracy_type': 'rooftop', 'address_components': {'number': '9020', 'street': 'Covenant', 'suffix': 'Ave', 'formatted_street': 'Covenant Ave', 'city': 'Pittsburgh', 'county': 'Allegheny County', 'state': 'PA', 'zip': '15237', 'country': 'US'}, 'geocoder': 'Geocodio'}"
35630957,Shop 'n Save - Ross's Village,supermarkets,,84609,1886 Homeville Road,,,,West Mifflin,PA,15122,40.3654532753713,-79.8733260440576,,,,,,,,,,,,,,,,,,,,,,FIX,,,WPRDC Dataset: Allegheny County Restaurant/Food Facility Inspections and Locations: Geocoded Food Facilities,https://data.wprdc.org/dataset/allegheny-county-restaurant-food-facility-inspection-violations/resource/112a3821-334d-4f3f-ab40-4de1220b1a0a,,,,,
35630958,Shop 'n Save - Wilkins Twp,supermarkets,,84619,3335 Wm Penn  Highway,,,,Pittsburgh,PA,15235,40.4329188881668,-79.817628876349,,,,,,,,,,,,,,,,,,,,,,FIX,,,WPRDC Dataset: Allegheny County Restaurant/Food Facility Inspections and Locations: Geocoded Food Facilities,https://data.wprdc.org/dataset/allegheny-county-restaurant-food-facility-inspection-violations/resource/112a3821-334d-4f3f-ab40-4de1220b1a0a,,,,,
35630959,Whitehall Asian Supermarket,supermarkets,,84604,1406 Radford  Road,,,,Pittsburgh,PA,15227,40.363957,-79.967437,,,,,,,,,,,,,,,,,,,,,,FIX,,,WPRDC Dataset: Allegheny County Restaurant/Food Facility Inspections and Locations: Geocoded Food Facilities,https://data.wprdc.org/dataset/allegheny-county-restaurant-food-facility-inspection-violations/resource/112a3821-334d-4f3f-ab40-4de1220b1a0a,,,,,"{'accuracy': 1, 'accuracy_type': 'rooftop', 'address_components': {'number': '1406', 'street': 'Radford', 'suffix': 'Rd', 'formatted_street': 'Radford Rd', 'city': 'Pittsburgh', 'county': 'Allegheny County', 'state': 'PA', 'zip': '15227', 'country': 'US'}, 'geocoder': 'Geocodio'}"
35630960,Shop 'n Save / Brownsville Road,supermarkets,,84474,1119 Brownsville  Road,,,,Pittsburgh,PA,15210,40.4048249476727,-79.989721255342,,,,,,,,,,,,,,,,,,,,,,FIX,,,WPRDC Dataset: Allegheny County Restaurant/Food Facility Inspections and Locations: Geocoded Food Facilities,https://data.wprdc.org/dataset/allegheny-county-restaurant-food-facility-inspection-violations/resource/112a3821-334d-4f3f-ab40-4de1220b1a0a,,,,,
35630961,Wal-Mart Super Center #2588,supermarkets,,85853,100 WAL-MART DR,,,,NORTH VERSAILLES,PA,15137,40.386894,-79.824297,,,,,,,,,,,,,,,,,,,,,,FIX,,,WPRDC Dataset: Allegheny County Restaurant/Food Facility Inspections and Locations: Geocoded Food Facilities,https://data.wprdc.org/dataset/allegheny-county-restaurant-food-facility-inspection-violations/resource/112a3821-334d-4f3f-ab40-4de1220b1a0a,,,,,"{'accuracy': 1, 'accuracy_type': 'rooftop', 'address_components': {'number': '100', 'street': 'Walmart', 'suffix': 'Dr', 'formatted_street': 'Walmart Dr', 'city': 'North Versailles', 'county': 'Allegheny County', 'state': 'PA', 'zip': '15137', 'country': 'US'}, 'geocoder': 'Geocodio'}"
35630962,Shop 'n Save / Century Square,supermarkets,,84593,2381 Mountain View  Drive,,,,West Mifflin,PA,15122,40.3449102270979,-79.946597630338,,,,,,,,,,,,,,,,,,,,,,FIX,,,WPRDC Dataset: Allegheny County Restaurant/Food Facility Inspections and Locations: Geocoded Food Facilities,https://data.wprdc.org/dataset/allegheny-county-restaurant-food-facility-inspection-violations/resource/112a3821-334d-4f3f-ab40-4de1220b1a0a,,,,,
35630963,Target #2787,supermarkets,,86468,201 SOUTH HILLS VILLAGE,,,,Pittsburgh,PA,15241,40.343851,-80.057609,,,,,,,,,,,,,,,,,,,,,,FIX,,,WPRDC Dataset: Allegheny County Restaurant/Food Facility Inspections and Locations: Geocoded Food Facilities,https://data.wprdc.org/dataset/allegheny-county-restaurant-food-facility-inspection-violations/resource/112a3821-334d-4f3f-ab40-4de1220b1a0a,,,,,Geocoded by Geocodio
35630964,Shop 'n Save / Heidelberg,supermarkets,,77465,2100 Washington Pike,,,,Carnegie,PA,15106,40.3878912647148,-80.0925646091617,,,,,,,,,,,,,,,,,,,,,,FIX,,,WPRDC Dataset: Allegheny County Restaurant/Food Facility Inspections and Locations: Geocoded Food Facilities,https://data.wprdc.org/dataset/allegheny-county-restaurant-food-facility-inspection-violations/resource/112a3821-334d-4f3f-ab40-4de1220b1a0a,,,,,
35630965,Shop 'n Save / Noblestown #2412,supermarkets,,84582,2103 Noblestown  Road,,,,Pittsburgh,PA,15205,40.4306512290677,-80.0519979037217,,,,,,,,,,,,,,,,,,,,,,FIX,,,WPRDC Dataset: Allegheny County Restaurant/Food Facility Inspections and Locations: Geocoded Food Facilities,https://data.wprdc.org/dataset/allegheny-county-restaurant-food-facility-inspection-violations/resource/112a3821-334d-4f3f-ab40-4de1220b1a0a,,,,,
35630966,Shop 'n Save / Rochester,supermarkets,,84580,184 Rochester  Road,,,,Pittsburgh,PA,15229,40.5198074269627,-80.0181034349263,,,,,,,,,,,,,,,,,,,,,,FIX,,,WPRDC Dataset: Allegheny County Restaurant/Food Facility Inspections and Locations: Geocoded Food Facilities,https://data.wprdc.org/dataset/allegheny-county-restaurant-food-facility-inspection-violations/resource/112a3821-334d-4f3f-ab40-4de1220b1a0a,,,,,
35630967,Shop 'n Save / Russellton,supermarkets,,81725,908 Little Deer Creek Valley Road,,,,Russellton,PA,15076,40.6086628976599,-79.833503856548,,,,,,,,,,,,,,,,,,,,,,FIX,,,WPRDC Dataset: Allegheny County Restaurant/Food Facility Inspections and Locations: Geocoded Food Facilities,https://data.wprdc.org/dataset/allegheny-county-restaurant-food-facility-inspection-violations/resource/112a3821-334d-4f3f-ab40-4de1220b1a0a,,,,,
35630968,Shop 'n Save / Shaler,supermarkets,,84451,1620 Babcock  Boulevard,,,,Pittsburgh,PA,15209,40.4991465632107,-79.9789010794588,,,,,,,,,,,,,,,,,,,,,,FIX,,,WPRDC Dataset: Allegheny County Restaurant/Food Facility Inspections and Locations: Geocoded Food Facilities,https://data.wprdc.org/dataset/allegheny-county-restaurant-food-facility-inspection-violations/resource/112a3821-334d-4f3f-ab40-4de1220b1a0a,,,,,
35630969,Shop 'n Save McKeesport ,supermarkets,,84481,815 5th Ave,,,,Mc Keesport,PA,15132,40.3519055509553,-79.8560283571471,,,,,,,,,,,,,,,,,,,,,,FIX,,,WPRDC Dataset: Allegheny County Restaurant/Food Facility Inspections and Locations: Geocoded Food Facilities,https://data.wprdc.org/dataset/allegheny-county-restaurant-food-facility-inspection-violations/resource/112a3821-334d-4f3f-ab40-4de1220b1a0a,,,,,
35630970,Shop N Save,supermarkets,,84610,649 Old Clairton Road,,,,Pittsburgh,PA,15236,40.3242329412658,-79.9568084659502,,,,,,,,,,,,,,,,,,,,,,FIX,,,WPRDC Dataset: Allegheny County Restaurant/Food Facility Inspections and Locations: Geocoded Food Facilities,https://data.wprdc.org/dataset/allegheny-county-restaurant-food-facility-inspection-violations/resource/112a3821-334d-4f3f-ab40-4de1220b1a0a,,,,,
35630971,Shop N Save#3102,supermarkets,,17417,5375 William Flynn Highway,,,,Gibsonia,PA,15044,40.619568,-79.946359,,,,,,,,,,,,,,,,,,,,,,FIX,,,WPRDC Dataset: Allegheny County Restaurant/Food Facility Inspections and Locations: Geocoded Food Facilities,https://data.wprdc.org/dataset/allegheny-county-restaurant-food-facility-inspection-violations/resource/112a3821-334d-4f3f-ab40-4de1220b1a0a,,,,,
35630972,Shursave,supermarkets,,84467,4401 Liberty  Avenue,,,,Pittsburgh,PA,15224,40.4641309781166,-79.9520630304225,,,,,,,,,,,,,,,,,,,,,,FIX,,,WPRDC Dataset: Allegheny County Restaurant/Food Facility Inspections and Locations: Geocoded Food Facilities,https://data.wprdc.org/dataset/allegheny-county-restaurant-food-facility-inspection-violations/resource/112a3821-334d-4f3f-ab40-4de1220b1a0a,,,,,
35630973,Soergel's Orchards,supermarkets,,84539,2573 Brandt School Rd,,,,Wexford,PA,15090,40.6145899641775,-80.0927508851657,,,,,,,,,,,,,,,,,,,,,,FIX,,,WPRDC Dataset: Allegheny County Restaurant/Food Facility Inspections and Locations: Geocoded Food Facilities,https://data.wprdc.org/dataset/allegheny-county-restaurant-food-facility-inspection-violations/resource/112a3821-334d-4f3f-ab40-4de1220b1a0a,,,,,
35630974,T-Bones,supermarkets,,84463,100 VIP  Drive,,,,Wexford,PA,15090,40.6169113511392,-80.0924641751422,,,,,,,,,,,,,,,,,,,,,,FIX,,,WPRDC Dataset: Allegheny County Restaurant/Food Facility Inspections and Locations: Geocoded Food Facilities,https://data.wprdc.org/dataset/allegheny-county-restaurant-food-facility-inspection-violations/resource/112a3821-334d-4f3f-ab40-4de1220b1a0a,,,,,
35630975,Target #2757,supermarkets,,84601,6231 Penn Avenue,,,,Pittsburgh,PA,15206,40.4608542618671,-79.9219100853522,,,,,,,,,,,,,,,,,,,,,,FIX,,,WPRDC Dataset: Allegheny County Restaurant/Food Facility Inspections and Locations: Geocoded Food Facilities,https://data.wprdc.org/dataset/allegheny-county-restaurant-food-facility-inspection-violations/resource/112a3821-334d-4f3f-ab40-4de1220b1a0a,,,,,
35630976,The Fresh Market,supermarkets,,84605,1551 Washington Road,,,,Pittsburgh,PA,15228,40.3546337437069,-80.0493099027057,,,,,,,,,,,,,,,,,,,,,,FIX,,,WPRDC Dataset: Allegheny County Restaurant/Food Facility Inspections and Locations: Geocoded Food Facilities,https://data.wprdc.org/dataset/allegheny-county-restaurant-food-facility-inspection-violations/resource/112a3821-334d-4f3f-ab40-4de1220b1a0a,,,,,
35630977,Trader Joe's #630,supermarkets,,84597,1630 Washington Road Suite 1,,,,Pittsburgh,PA,15228,40.3513073073955,-80.0517467727594,,,,,,,,,,,,,,,,,,,,,,FIX,,,WPRDC Dataset: Allegheny County Restaurant/Food Facility Inspections and Locations: Geocoded Food Facilities,https://data.wprdc.org/dataset/allegheny-county-restaurant-food-facility-inspection-violations/resource/112a3821-334d-4f3f-ab40-4de1220b1a0a,,,,,
35630978,Trader Joe's #638,supermarkets,,84579,6343 Penn  Avenue,,,,Pittsburgh,PA,15206,40.4591930409335,-79.9192342043347,,,,,,,,,,,,,,,,,,,,,,FIX,,,WPRDC Dataset: Allegheny County Restaurant/Food Facility Inspections and Locations: Geocoded Food Facilities,https://data.wprdc.org/dataset/allegheny-county-restaurant-food-facility-inspection-violations/resource/112a3821-334d-4f3f-ab40-4de1220b1a0a,,,,,
35630979,Two Louie's Market,supermarkets,,84585,1233 Penn Avenue,,,,Pittsburgh,PA,15222,40.4464236673141,-79.9917630571851,,,,,,,,,,,,,,,,,,,,,,FIX,,,WPRDC Dataset: Allegheny County Restaurant/Food Facility Inspections and Locations: Geocoded Food Facilities,https://data.wprdc.org/dataset/allegheny-county-restaurant-food-facility-inspection-violations/resource/112a3821-334d-4f3f-ab40-4de1220b1a0a,,,,,
35630980,WFH / Wing Fat Hong Oriental Food Market,supermarkets,,84616,2306 Penn Avenue,,,,Pittsburgh,PA,15222,40.4528030322044,-79.9810841301702,,,,,,,,,,,,,,,,,,,,,,FIX,,,WPRDC Dataset: Allegheny County Restaurant/Food Facility Inspections and Locations: Geocoded Food Facilities,https://data.wprdc.org/dataset/allegheny-county-restaurant-food-facility-inspection-violations/resource/112a3821-334d-4f3f-ab40-4de1220b1a0a,,,,,
35630981,Wal-Mart #4644,supermarkets,,83122,7500 University  Boulevard,,,,Coraopolis,PA,15108,40.5165777572193,-80.2241914551674,,,,,,,,,,,,,,,,,,,,,,FIX,,,WPRDC Dataset: Allegheny County Restaurant/Food Facility Inspections and Locations: Geocoded Food Facilities,https://data.wprdc.org/dataset/allegheny-county-restaurant-food-facility-inspection-violations/resource/112a3821-334d-4f3f-ab40-4de1220b1a0a,,,,,
35630982,Wal-Mart Super Center #2281,supermarkets,,84574,2351 Century  Drive,,,,West Mifflin,PA,15122,40.3423950830376,-79.9466268875031,,,,,,,,,,,,,,,,,,,,,,FIX,,,WPRDC Dataset: Allegheny County Restaurant/Food Facility Inspections and Locations: Geocoded Food Facilities,https://data.wprdc.org/dataset/allegheny-county-restaurant-food-facility-inspection-violations/resource/112a3821-334d-4f3f-ab40-4de1220b1a0a,,,,,
35630983,Wal-Mart Super Center #2300,supermarkets,,83665,250 Summit Park Drive,,,,Pittsburgh,PA,15275,40.4472891084208,-80.1762439814093,,,,,,,,,,,,,,,,,,,,,,FIX,,,WPRDC Dataset: Allegheny County Restaurant/Food Facility Inspections and Locations: Geocoded Food Facilities,https://data.wprdc.org/dataset/allegheny-county-restaurant-food-facility-inspection-violations/resource/112a3821-334d-4f3f-ab40-4de1220b1a0a,,,,,
35630984,Wal-Mart Super Center #3838,supermarkets,,83568,2010 Village Center Drive,,,,Tarentum,PA,15084,40.5640866984935,-79.8041418770802,,,,,,,,,,,,,,,,,,,,,,FIX,,,WPRDC Dataset: Allegheny County Restaurant/Food Facility Inspections and Locations: Geocoded Food Facilities,https://data.wprdc.org/dataset/allegheny-county-restaurant-food-facility-inspection-violations/resource/112a3821-334d-4f3f-ab40-4de1220b1a0a,,,,,
35630985,Wal-mart Super Center #3738,supermarkets,,80,4015 Freeport Road,,,,Natrona Heights,PA,15065,40.6469097311273,-79.710023447838,,,,,,,,,,,,,,,,,,,,,,FIX,,,WPRDC Dataset: Allegheny County Restaurant/Food Facility Inspections and Locations: Geocoded Food Facilities,https://data.wprdc.org/dataset/allegheny-county-restaurant-food-facility-inspection-violations/resource/112a3821-334d-4f3f-ab40-4de1220b1a0a,,,,,
35630986,Whole Foods Market,supermarkets,,82766,111 Siena Drive,,,,Pittsburgh,PA,15241,40.3461231926006,-80.0581104695546,,,,,,,,,,,,,,,,,,,,,,FIX,,,WPRDC Dataset: Allegheny County Restaurant/Food Facility Inspections and Locations: Geocoded Food Facilities,https://data.wprdc.org/dataset/allegheny-county-restaurant-food-facility-inspection-violations/resource/112a3821-334d-4f3f-ab40-4de1220b1a0a,,,,,
35630987,Whole Foods Market #53,supermarkets,,84587,5880 Centre Ave,,,,Pittsburgh,PA,15206,40.4584534708988,-79.9289780236579,,,,,,,,,,,,,,,,,,,,,,FIX,,,WPRDC Dataset: Allegheny County Restaurant/Food Facility Inspections and Locations: Geocoded Food Facilities,https://data.wprdc.org/dataset/allegheny-county-restaurant-food-facility-inspection-violations/resource/112a3821-334d-4f3f-ab40-4de1220b1a0a,,,,,
35630988,Whole Foods Wexford #10377,supermarkets,,84634,10576 Perry  Highway,,,,Wexford,PA,15090,40.6122613707721,-80.0529106557463,,,,,,,,,,,,,,,,,,,,,,FIX,,,WPRDC Dataset: Allegheny County Restaurant/Food Facility Inspections and Locations: Geocoded Food Facilities,https://data.wprdc.org/dataset/allegheny-county-restaurant-food-facility-inspection-violations/resource/112a3821-334d-4f3f-ab40-4de1220b1a0a,,,,,
